y,X1,X2
0,-1.553856403828738,1.5216932379858492
0,-1.5961313649768822,1.5470717380695573
0,-1.4924775351834665,1.5214621383400515
0,-1.583762235878914,1.4329754938970776
0,-1.4558460834811542,1.6234545019061728
0,-1.5500252260309877,1.6213304515085394
0,-1.6122771465381052,1.5318815266978265
0,-1.2963074560657897,1.5931776745866484
0,-1.511386651660614,1.5928796521204902
0,-1.5859967340467287,1.574197164335918
0,-1.525374069439924,1.6585545765805927
0,-1.3129440729243376,1.7738938023692654
0,-1.5533088808449054,1.752657992123946
0,-1.510014185834976,1.7045667893839382
0,-1.5300140609310888,1.689670723996932
0,-1.3478973056941888,1.6921901504618966
0,-1.581991337192549,1.6693076505779187
0,-1.6218520834036843,1.6125324872916629
0,-1.5739855382661787,1.807568910184575
0,-1.6052585846996503,1.911913094914892
0,-1.508659371003295,1.7495235403009808
0,-1.3443041218431553,1.905408999021852
0,-1.6932053525312154,1.9085355358897096
0,-1.7677528433655247,1.7601229657894448
0,-1.4629767459630676,1.9288157600973102
0,-1.6395786045058915,1.929701615601124
0,-1.6891043924827709,1.923442709555932
0,-1.6158336093994194,1.9684194010813016
0,-1.5975305365528667,2.003268230785499
0,-1.7240941302977126,1.7378542337033998
0,-1.580969451759946,2.0703412203329874
0,-1.7170427459644004,1.8537927859671108
0,-1.592296932088676,2.122108119219826
0,-1.660605635408562,2.212807555645342
0,-1.571716525852346,2.026730002029967
0,-1.651048935669372,2.164819467024826
0,-1.883693775314652,1.9944996605756922
0,-1.6157420620088307,2.027581279815371
0,-1.4697204329620677,2.093640503017638
0,-1.5942580788091085,1.9468748909076485
0,-1.6500160371651433,2.066394686027388
0,-1.737124985049186,1.9730452606821935
0,-1.7300195284202124,2.067826276319376
0,-1.7783446883263725,2.1026587442129077
0,-1.7028103464360058,2.3075791927211706
0,-1.8780024492646161,2.2910457817439545
0,-1.6149293991975284,1.892729517894114
0,-1.7936512477987323,2.144832495812713
0,-1.811269360090869,2.305915026725885
0,-1.6398562681896374,2.102647376591609
0,-1.7595827730571183,2.121965876965009
0,-1.7766667856093206,2.2214817115412417
0,-1.6192844198108953,2.080866161746966
0,-1.9436728047272633,2.3506775796785915
0,-1.7216035306982551,2.4755902278113537
0,-1.814276138151126,2.3530359438790414
0,-2.000132494631562,2.2315916085039964
0,-1.9561770057511667,2.4523551381262054
0,-1.8848539246723757,2.20323700731143
0,-1.7761332486513288,2.330227025210321
0,-1.849749237874045,2.3061142181817895
0,-1.9812339943893713,2.120215302015366
0,-2.0442896214351185,2.2977725797953323
0,-2.234490757407147,2.4551881345764732
0,-1.835862156506767,2.3396346694715766
0,-2.0309999725393113,2.4474553199992095
0,-1.91303146153066,2.4473499411058826
0,-2.189850737103656,2.324556220742922
0,-2.1402785682592174,2.5253554229658284
0,-1.8984601407536337,2.4108367073993144
0,-2.141163139132623,2.3522588066115753
0,-2.1308312415540844,2.4694183653458657
0,-2.204657570381981,2.3787901122299986
0,-2.188737743862391,2.5813435918370313
0,-2.1888247968487984,2.3568127544292556
0,-2.1724459663966234,2.3802890323154253
0,-2.192665960113033,2.3915715298705207
0,-2.1381292698503245,2.4485304134770196
0,-2.200777967162724,2.424172567470171
0,-2.375477218967535,2.464629130501303
0,-2.1398143650772528,2.5162653010367078
0,-2.2361541096282536,2.585074616712092
0,-2.2184416097466064,2.407776547394454
0,-2.181808883584925,2.6094548094780436
0,-2.3127895587556457,2.613900852454493
0,-2.2826393894993227,2.5842450258636833
0,-2.394131899374976,2.4381920112334194
0,-2.2230477251041614,2.4111891224254975
0,-2.239877746539719,2.5418916117085577
0,-2.240292652227365,2.4542931428189254
0,-2.4275239354816263,2.526859927527864
0,-2.533803248407585,2.584992196418417
0,-2.4823579751500393,2.5282883981288324
0,-2.367005979468778,2.6627178538277714
0,-2.4364374736337906,2.6060756771271305
0,-2.5058390887986035,2.403295327768249
0,-2.4440029004902146,2.401669077379221
0,-2.40375165362117,2.5942137489421753
0,-2.3540750912958788,2.6193287226035955
0,-2.642952152978262,2.460173632683573
0,-2.467454559055822,2.5515490156261817
0,-2.544005410709816,2.4542351625581538
0,-2.5579947189875663,2.647591306053595
0,-2.62639557277646,2.377012673635545
0,-2.6772348376992006,2.4998248333348476
0,-2.709008283754275,2.3054057072825165
0,-2.612404642150953,2.7941450688488807
0,-2.5579883101226764,2.4147903543885643
0,-2.7162194434309157,2.442876356941953
0,-2.513634167939029,2.5791097753292207
0,-2.496846370112663,2.444288663094293
0,-2.726423613769241,2.640931522030187
0,-2.610338149382293,2.3978667848473587
0,-2.670148920356809,2.4964694626237214
0,-2.7389059880457785,2.5725441859931744
0,-2.624342902156262,2.4769683979058406
0,-2.9840006658295195,2.54174521846423
0,-2.7718641838809037,2.5101627696773314
0,-2.775260994574598,2.504869623339884
0,-2.9016089777669283,2.5384737453560335
0,-2.808010497605146,2.2784529998458227
0,-2.689474344199407,2.481196323240459
0,-2.7407315909324503,2.497152107956678
0,-2.6539002229794773,2.398115057953313
0,-2.897935517224547,2.562295017484573
0,-2.8245368500963215,2.4562653204399942
0,-2.93006453197934,2.268451280704584
0,-2.8720278579131913,2.4555752311380914
0,-3.0495576012568453,2.4844594114610414
0,-3.0027774869089736,2.492621330838798
0,-2.8270501719856496,2.4323105636916442
0,-3.066707000396542,2.42166724359264
0,-2.81002631747455,2.620720134895947
0,-2.9344681976684335,2.3157765452857695
0,-3.011887474584083,2.464495957640691
0,-3.1305495494401736,2.4513586477687492
0,-3.067759201882429,2.2134618619983693
0,-3.012804028191357,2.317912429526352
0,-3.00188508480331,2.3818142702142855
0,-3.1342059255580597,2.1580998195827443
0,-3.095487775190655,2.2230536334058404
0,-3.11396687498273,2.3570168853451072
0,-3.1492819002564314,2.264414292396334
0,-3.247610488267087,2.3412309060305803
0,-3.1509652757960924,2.4631472189936754
0,-3.2401460051609163,2.0013665889935552
0,-3.3531018844145524,2.216825145395349
0,-3.080567811689135,2.304011218219501
0,-3.2687443712189097,2.1111722994714825
0,-3.098087549655383,2.4120267878238866
0,-3.2046780783162983,2.1731514078712624
0,-3.168125121811714,2.316580534084786
0,-3.327448713597094,2.1469184534207257
0,-3.3275528091468285,2.1469668133421744
0,-3.304437605620235,2.1013366705135756
0,-3.231824734717054,2.2084964460552663
0,-3.4340437567151785,2.2858931181304283
0,-3.3948665729421337,2.3336342102728658
0,-3.3174798265332375,2.149976294342341
0,-3.400875173110824,2.012278176954383
0,-3.397781233772887,2.1949042482395513
0,-3.297640936285218,2.237091213421395
0,-3.460891002629102,2.148052358109625
0,-3.2954523107044285,1.9487400048362002
0,-3.3344449243650773,1.9376443785887922
0,-3.261133692824059,1.9721313531434015
0,-3.55641685635819,2.114875511252488
0,-3.3308436992712833,1.9630431973192297
0,-3.343561189312981,1.8498072648673085
0,-3.2500232774171707,1.904808550153687
0,-3.2823657204280248,1.8336736780313896
0,-3.4668990048349726,1.710727290767432
0,-3.338749313228673,1.7847618709585953
0,-3.5177617143835316,1.9366099493124045
0,-3.3493748808035573,1.9602883149248793
0,-3.44742073061497,1.8558175518960394
0,-3.2848963587902,1.7895720898809422
0,-3.6000190537497376,1.7152908339960944
0,-3.455153518270528,1.947367930515472
0,-3.437274367468254,1.8303350140347225
0,-3.3396266739021896,1.952853154033876
0,-3.3779669721132657,1.9257622472570501
0,-3.436524474292383,1.681436059828644
0,-3.457991071156923,1.7784451072377394
0,-3.5652409313235793,1.8556922999710084
0,-3.6374852898084478,1.8036184284108958
0,-3.499535628031698,1.7229107832174355
0,-3.4936571043245457,1.7504069633953316
0,-3.5327125294136903,1.7794269671595895
0,-3.5405750872215904,1.8484245711900522
0,-3.4420389571275316,1.5355818895330406
0,-3.4375170206147354,1.695334843174043
0,-3.537592278542067,1.4360120362662696
0,-3.540856925375858,1.6796315294273252
0,-3.5236596624347944,1.507072663988519
0,-3.4576929801859015,1.4150187016986775
0,-3.4102483526982557,1.5506417723447323
0,-3.516248134687428,1.3683763266893842
0,-3.525652453866074,1.5333347505373442
0,-3.6325942801567512,1.360940046731919
0,-3.4850398370953397,1.71065797270564
0,-3.6410469367081015,1.278393287790039
0,-3.5299517985693565,1.5647558788381672
0,-3.3295641225840495,1.4142957579882178
0,-3.4342431178475663,1.386502681765587
0,-3.436207431417584,1.496064540490981
0,-3.41708938345467,1.268937660289965
0,-3.448625162696739,1.448137169078538
0,-3.4454328139179435,1.373516134481633
0,-3.3879751648612584,1.4218597492792528
0,-3.5400454013611125,1.391596432849777
0,-3.4498133535634636,1.4266229122275278
0,-3.515630726266533,1.4819714629365643
0,-3.4556579364603386,1.288259584601851
0,-3.2859562624623164,1.3215714379753705
0,-3.41551988708475,1.3131573542256407
0,-3.479265650835983,1.3756267991037985
0,-3.5380502961754883,1.1316197187271266
0,-3.476898203683449,1.102774339528748
0,-3.581102179564098,1.0127478676561328
0,-3.477146837162,1.2114277123233899
0,-3.5128192551925363,1.1968501349840441
0,-3.4166475544644865,1.218379526510916
0,-3.4575677593818153,1.1594290580556548
0,-3.3636824915443357,1.1036462657529986
0,-3.3874711118901217,1.1129696661383017
0,-3.3759863693633787,1.1566633942672069
0,-3.659210187775409,1.1009037769538135
0,-3.3528907000569923,1.1393247226458636
0,-3.3665938437079963,0.8584296642080057
0,-3.287574171117362,0.9747913542397919
0,-3.254641648793011,1.1351744269788662
0,-3.540987789308374,0.952137514654954
0,-3.3270180897496915,1.2331380091584716
0,-3.311051204476726,1.0956977482193084
0,-3.355559840172282,0.8541075841930125
0,-3.3729737048860473,0.8899157985561543
0,-3.1268863663649955,1.084260131768244
0,-3.3561597299946087,0.9941126339186425
0,-3.388296650698802,0.7251742311860047
0,-3.2583837445772157,0.8906422657644892
0,-3.3111751506877956,0.8520530619729942
0,-3.2031560035286417,0.8942614041742712
0,-3.2380763701186837,0.8135790047265237
0,-3.3515465934329085,0.8425117990087373
0,-3.2520682944507184,0.8881711122696849
0,-3.458191484805764,0.9265295335846951
0,-3.2783507848562166,0.7488685759047987
0,-3.3310272153578455,0.770673411799291
0,-3.0755785511309757,0.7512753986738367
0,-3.0998429689425433,0.5343334883239257
0,-3.2349012447646257,0.5962821827065443
0,-3.117440646437679,0.7650318806397948
0,-3.268722808701039,0.9422847904987774
0,-3.1952887948206468,0.630634417410959
0,-3.2650238141561543,0.7822479666901111
0,-3.3178622061023235,0.43128651814604174
0,-3.2177631807488667,0.7181998926091455
0,-3.1108000630008315,0.5900037105731628
0,-3.218135505298253,0.9029414348006878
0,-3.135399898850099,0.5375003797724797
0,-2.954248929799961,0.6768150272588579
0,-3.199652304860233,0.5861635260190968
0,-3.075325592252116,0.6883097398260234
0,-2.9053584256306966,0.6863837989589635
0,-3.2895795864990873,0.6948139751713447
0,-3.0220637293442043,0.4767585769772461
0,-3.0406071732552156,0.5362327870143082
0,-2.921866684094129,0.7124962238195863
0,-2.8450988804146276,0.7096780910754106
0,-3.0443402086602567,0.8033670311296135
0,-2.906361221568031,0.6330356367518298
0,-2.874709667671497,0.47424108743723886
0,-2.9355378723040073,0.5753674830973764
0,-2.7063538186190987,0.691329617069357
0,-2.909431442074166,0.44049870577451333
0,-2.8767515582100627,0.6856862815341258
0,-2.890845875247148,0.4147073482035094
0,-2.7633064188338365,0.4428344438413226
0,-2.7741236383684686,0.5094906195301738
0,-2.84410409385055,0.4838219358403093
0,-2.9815708835596517,0.48113216507839873
0,-2.597184753520749,0.6789026922923594
0,-2.5480179581537232,0.44647936443897285
0,-2.6872299428257986,0.5105941573867753
0,-2.822746289487328,0.6318308719020622
0,-2.626592976167509,0.47604669758253537
0,-2.6195135533565708,0.6141313548674063
0,-2.806482006833045,0.6390049001591752
0,-2.7247145008464964,0.35019669749171023
0,-2.600860419842817,0.48788893253733534
0,-2.7719260346210564,0.5853516481123242
0,-2.487585818373427,0.6699249072267818
0,-2.641951749431744,0.34805975519865784
0,-2.560145344785652,0.2522224478491411
0,-2.827084494696301,0.4283481328203641
0,-2.612231115548931,0.6415978898286351
0,-2.3680281649742936,0.5579895110633801
0,-2.4987472003564872,0.34308749758826174
0,-2.4034636567045484,0.6482569093469243
0,-2.536220896298418,0.5470306472570237
0,-2.385681405599422,0.46055728958728626
0,-2.462237803014168,0.43507509446792425
0,-2.4329946275941463,0.5803891825243785
0,-2.5411120969687424,0.37867486042227616
0,-2.3930937785022244,0.5046487707150603
0,-2.451932882072997,0.4680038224121768
0,-2.4144589533153624,0.6452890181315782
0,-2.360116594935847,0.3912352315783259
0,-2.4093069324175214,0.5129154078449385
0,-2.3267366534802076,0.45670902345561093
0,-2.3521291465773455,0.4996691074409532
0,-2.202449543844696,0.49318752146064654
0,-2.3463582773278797,0.6701007272186645
0,-2.288339022274149,0.6351422214785769
0,-2.280574219612716,0.5264795374747283
0,-2.264588777384119,0.534772616586609
0,-2.165226793840369,0.6275278700290714
0,-2.2888830943291527,0.7591908572073394
0,-2.1940763901455123,0.7081835924106415
0,-2.2427926756596936,0.6637996994375958
0,-2.186354149562434,0.606475342660149
0,-2.141502589250247,0.6520302572058386
0,-2.111494063069626,0.6619711112733188
0,-2.072956442226991,0.6093922585368046
0,-1.8375498976673663,0.6010430181889569
0,-2.03952695838491,0.40099377481836523
0,-2.0702399744147675,0.6294876116718279
0,-2.000697935697266,0.6887361844361646
0,-2.0790212720138723,0.5288767414709654
0,-2.118741156660554,0.5617602887084377
0,-1.9662168440825927,0.5695842222399692
0,-2.071651352620675,0.769054488868895
0,-2.1102529034156485,0.5766643152562101
0,-1.87730581903613,0.6929286562601101
0,-2.1370825255972217,0.7440429427687576
0,-1.856594650422226,0.5714089676532931
0,-1.9520804684480668,0.5063771357816422
0,-1.8033830725291446,0.7952935498088024
0,-2.011996646075453,0.7381449562858569
0,-1.963892713735843,0.58627478001608
0,-2.053137873329274,0.600012874983606
0,-1.7129432686724941,0.5442586214518164
0,-1.965444854247436,0.737244569404229
0,-1.9649674428954211,0.6389959149360872
0,-1.9901418779818072,0.7854553978581751
0,-1.9730957023855902,0.7443348032358387
0,-1.8844791010462434,0.6426573693024492
0,-1.8076434133034303,0.7949046060739885
0,-1.9139770389721584,0.9179804188937399
0,-1.7857633459505948,0.7020257464885261
0,-1.7682332412625632,0.8047095333070969
0,-1.7551546190560132,0.7823262161639678
0,-1.8673266368688386,0.9129909642144868
0,-1.867389018071479,1.0287049192302091
0,-1.7435384551693678,0.8734694390539064
0,-1.6911525794048858,0.8348579314380166
0,-1.6466228429930185,1.0391637259102304
0,-1.8078992997979961,0.8906221141854225
0,-1.5233944842111828,0.9505576439108261
0,-1.7021850442069633,0.9329378092535017
0,-1.5605195816703201,0.7927282983543296
0,-1.8233949869236485,0.8823095861456041
0,-1.610301152371713,1.0199633400852064
0,-1.524436691246901,0.9727721314391619
0,-1.5737564230709913,1.0646223355838185
0,-1.5558706669056792,1.0553467930499894
0,-1.7968600794548406,1.075165311756244
0,-1.609755718848781,1.0907434268239709
0,-1.6390513599680288,1.1420640440323113
0,-1.418965765165484,1.0631565812044586
0,-1.603786589022258,1.115035807765683
0,-1.7420766985802627,1.1654397087017712
0,-1.4646121443260411,1.197205147438042
0,-1.48683524882814,0.9428501459899206
0,-1.5729876265663094,0.9303779213338359
0,-1.576099657396765,1.154381781097958
0,-1.5494614919960445,1.0397667857723492
0,-1.499047933154453,1.2932994462689775
0,-1.6409499038550293,1.1348485724829225
0,-1.4683281176187835,1.0455744940123497
0,-1.5406646114708833,1.1937018381163966
0,-1.6321781769504164,1.3255896187808218
0,-1.4798030436306449,1.3160598056367034
0,-1.4564666036675542,1.4778967978783475
0,-1.4912970083510944,1.21378760236678
0,-1.704552143576092,1.4040144758831894
0,-1.521930924733723,1.3621650683631203
0,-1.527814838404955,1.372926638485996
0,-1.4712746270942922,1.2668144275504383
0,-1.32812958145509,1.3026750745129083
0,-1.6635029910931858,1.3688276607735481
0,-1.542932925644906,1.2817245340247647
0,-1.5382325671466355,1.3775840739203535
0,-1.5932005286793407,1.6124107097843927
0,-1.5661721145742344,1.4670110265846434
0,-1.3176543472939237,1.3067119514057326
0,-1.351614232384314,1.4407203476021107
0,-1.4667057125479501,1.6528956300796072
0,-1.4250016874869995,1.7307078845802848
1,1.0286340860964964,1.5090744794056494
1,1.0768787448466655,1.4090594401578334
1,0.9863923568611364,1.3519256781411972
1,1.078610507807291,1.5244857631404458
1,1.0551487149658683,1.7077721760401685
1,1.218533948382075,1.555784446439948
1,0.9976566943144559,1.4888974882109554
1,0.9722321356113652,1.5839946081295795
1,0.9657876846451634,1.6833946301152003
1,1.008537525961237,1.70500517953959
1,0.9156114882236663,1.663146770999784
1,0.9980987888624694,1.570406337397953
1,0.9335505087125275,1.7306386138507777
1,0.8471757131124942,1.81382167666405
1,1.0708174809302324,1.5619946946984435
1,0.8540154225962973,1.5789250772506815
1,1.095380069844372,1.8513899565039718
1,0.9518542118283821,1.6633849120223125
1,0.9461906534432608,1.7633302713778318
1,1.155726145510724,1.8493876553350816
1,0.9443493991677406,1.8375116471366062
1,0.9496875283490621,1.8507724779784418
1,0.7590792246925336,1.8150839658542812
1,0.8962299780675865,1.8139018165218952
1,1.0230478486648125,1.8097542073306911
1,1.3062720549368891,1.8539807473341419
1,0.9093588439624809,1.9933267153457361
1,0.995865494297351,1.883270975042213
1,0.7811489226735472,1.9435331645763674
1,0.9386867080754471,1.926314493592353
1,0.7979665768050126,1.9710216410139827
1,0.7917757062048887,1.9454411298497158
1,0.8842225302503389,1.9843232977293437
1,0.8398136801924783,1.9565675845349497
1,0.9963116397391699,2.1180352015607236
1,0.8698454981776169,2.0291419267906514
1,0.7987104217121681,1.8269867594709703
1,0.9059830110113598,2.295207090748199
1,0.9056335573893325,2.0570440197035196
1,0.7568807527005059,2.1590414254808077
1,0.8878732756793404,1.9272622241493014
1,0.5497654000267729,2.1452100840925663
1,0.85441422103375,2.2683257990585677
1,0.7718512692356929,2.1005495717305562
1,0.7723619702650146,2.0744568075101335
1,0.5490854435178593,2.091037132692656
1,0.7432233044517831,2.2120659513819496
1,0.832563871983138,2.045533751757061
1,0.7193808607758555,2.2295358241951093
1,0.8261229054102778,2.0083067367582483
1,0.5582406230402158,2.0657265551145287
1,0.5998158817253154,2.243205304952737
1,0.6885084753534696,2.192711972828973
1,0.7121950065602151,2.102365528692845
1,0.5176975933126772,2.3922869458637828
1,0.8559852701993343,2.2235601896323742
1,0.49042058154651386,2.3260585002334357
1,0.5502299766951397,2.3904623486855296
1,0.7571325262847575,2.3426177135208848
1,0.7767294240779856,2.2544406188269916
1,0.5913788166774767,2.187652604222018
1,0.6325324730868278,2.4431247489707455
1,0.43903946972386104,2.49401326188681
1,0.6761813377118684,2.364250106293681
1,0.6818165764564105,2.3311861290056615
1,0.6065652009707883,2.4786324456439197
1,0.700781767833798,2.38315132219486
1,0.3183656344122684,2.2650650544719104
1,0.350449702726754,2.5614590518014944
1,0.4742905681902736,2.4358694395942413
1,0.5511458103022312,2.3795279428172846
1,0.526725081211453,2.431948030848413
1,0.4843935845134676,2.562403568723938
1,0.5805524950998805,2.4394299091142995
1,0.45992949206387046,2.4280491845020165
1,0.5449910565977896,2.4245371986546336
1,0.4100662298546389,2.462836134231736
1,0.2657754906354941,2.3752132412021982
1,0.27473356328602644,2.3727951514399828
1,0.34355916418160914,2.495919872581202
1,0.2197437549231745,2.60845222630594
1,0.3837044062102282,2.4767689450107793
1,0.39193775135448355,2.4426891078313044
1,0.25537159829507505,2.5723327015569217
1,0.4961524933828749,2.5194136361763824
1,0.26799530511553143,2.529174708651666
1,0.1347340046211939,2.3327786337553107
1,0.001109083354989382,2.3495263591797615
1,0.10715672376479406,2.243478151329301
1,0.3273490731874311,2.6408594952038666
1,-0.007078627560598155,2.499855537791037
1,-0.04983360720937988,2.3975719608222485
1,-0.025850781124904562,2.4304654748568186
1,0.10149288458466119,2.4585897717316825
1,0.0866858004429679,2.2889244550098065
1,0.039890975572093514,2.438944376719313
1,0.16315454322636133,2.671118677537509
1,0.0028898850393645273,2.4034737170305354
1,0.1022421036089178,2.514335609034672
1,-0.06738384044917306,2.4606486055564694
1,0.030909064575072517,2.4800659507179867
1,0.13675364694881886,2.3573353252068294
1,-0.002192876056385247,2.626143346434379
1,0.053789082739661716,2.549723970398766
1,-0.10968021440365544,2.495856335077556
1,-0.2045328618180618,2.5026217485243354
1,-0.12443240896902391,2.3682768102124125
1,0.01386105745476611,2.4994431124810244
1,-0.02600602150272266,2.4238445926701755
1,-0.23005849415744717,2.3558392499451264
1,-0.24736397955413258,2.343788584689443
1,-0.2585645500453294,2.5575371478385702
1,-0.1783004955674904,2.4689370006213003
1,-0.17380944972488174,2.4409355700751916
1,-0.294303178925834,2.587571264265468
1,-0.26427205651597263,2.539196345258935
1,-0.14823026052664243,2.5259788022197416
1,-0.22450641210582836,2.532118461027103
1,-0.2137453640139314,2.4464330135834937
1,-0.22734452090772223,2.546913175844891
1,-0.36061214014572746,2.2934605425127437
1,-0.4232584195543364,2.553729638962533
1,-0.3361280092021931,2.392057519716263
1,-0.032122668090297346,2.5516177470800177
1,-0.38181831962967866,2.3690809935122212
1,-0.4445265460352387,2.407405209561963
1,-0.16974132622339355,2.3352641613358416
1,-0.3388406897521242,2.408891848362817
1,-0.3577819688611391,2.456786871174295
1,-0.235303840065438,2.409926898295034
1,-0.5905880666233192,2.770685659175032
1,-0.398325295353808,2.540578573546669
1,-0.3009861809688525,2.58565632125918
1,-0.5002252805598939,2.414130177939122
1,-0.5185407804610563,2.460808096778881
1,-0.44569657663055906,2.50756613257773
1,-0.4517592251126044,2.4321602303206955
1,-0.7053490277755547,2.2625534404343774
1,-0.34290897113391716,2.483901529556282
1,-0.49820614403778274,2.461308720080818
1,-0.7223458939641896,2.350224112172492
1,-0.6711197637427231,2.154453992277345
1,-0.6419873375931126,2.18888093171064
1,-0.79990773736275,2.204314152076415
1,-0.8224148910957707,2.205012379073617
1,-0.5696422904601984,2.199666626463206
1,-0.7621100626472425,2.3651565812872652
1,-0.6752171962522753,2.2713246045914572
1,-0.6465680622146305,2.2049047469238388
1,-0.7383309847139494,2.2765366878687714
1,-0.625696573231587,2.0250734040659566
1,-0.7284580794740874,2.1155107949883454
1,-0.6784780009551946,2.0643190920552064
1,-0.7979536141807393,2.0784767231770394
1,-0.6081642443060291,2.1748227809372835
1,-0.7001790234808568,2.20138700226941
1,-0.6972907157853596,2.2336881206461645
1,-0.964370467115818,1.9773301840261754
1,-0.8215604775328488,2.007189388127614
1,-0.7339013104760179,2.2797507907972063
1,-0.7776192702182034,2.1347667588154424
1,-0.9815943177465181,2.031124132409496
1,-0.9055721365577916,2.1103393865006517
1,-0.7963292839654423,1.8613407238422117
1,-0.6673316203776045,2.0720735575112226
1,-0.9854617244888849,2.027451006586008
1,-0.7398562792976544,2.053714875539273
1,-0.763317367583088,2.0341667894527404
1,-0.9375653792800426,2.023248781337113
1,-0.6748082249129379,2.025838899559988
1,-0.9979619901111628,1.989762959477044
1,-0.9709996302653436,1.8403786691514958
1,-0.8400335378455566,1.965412292016739
1,-0.7698718383742337,1.8795729032166228
1,-0.7861738731565578,1.939480168244637
1,-0.8010719355846931,1.8674207961422447
1,-0.8506546769930458,1.839241586212634
1,-0.9538472434818862,1.8362023087374149
1,-0.9401837872300581,1.8541137905819207
1,-0.996602029051549,1.9135405227664324
1,-0.8878480221194741,1.6885879754500246
1,-0.9747140269355177,1.8141938062917011
1,-0.9334523476235248,1.8036698237842683
1,-0.8451174101482097,1.6840951043807666
1,-1.0896266691105123,1.885288505372602
1,-0.8671907634059675,1.6163589327762389
1,-1.0840441752606684,1.8467246319519717
1,-0.9773530843704307,1.6759497970559856
1,-0.9330535338688993,1.6898955435378118
1,-0.8661187765738941,1.8126200772012937
1,-1.0685118261639952,1.644443881089579
1,-1.0538085558123176,1.6512857489296733
1,-1.0206391119917027,1.7332330271676377
1,-0.8261927095527216,1.6638472243599178
1,-0.8867245335930849,1.5831456132785968
1,-1.0043065845681962,1.4793547107323777
1,-1.0866571421338824,1.4831645898286765
1,-0.9229074395636726,1.450501761838086
1,-0.9871914040182308,1.7557385403484338
1,-1.0025559772288892,1.4417445635916861
1,-0.9746251829518743,1.6553720618284198
1,-0.9618855967224557,1.4810563037847535
1,-0.9185785160643853,1.3905196628910477
1,-1.1138751100634365,1.2435154151254046
1,-1.1685589083091048,1.5809422059716913
1,-0.9898323783602689,1.5394103637774383
1,-1.1121726895774966,1.3940375652611636
1,-0.9017774739101597,1.507597991355899
1,-0.9418945200807904,1.3263531080462279
1,-1.0683112310735532,1.3799109071313695
1,-1.1959035044560966,1.4033558130532702
1,-1.2601730594520855,1.225088543337139
1,-1.1001779522329314,1.4062535893815826
1,-0.9065409357704478,1.3104018146153658
1,-1.0281062841654038,1.2355629787410258
1,-1.1124661690554694,1.393045225438383
1,-1.0296193442493276,1.362522287693671
1,-1.0481402564222035,1.189909822126226
1,-0.8267912790376437,1.1796062191831966
1,-1.0159122669660483,1.2181013086683132
1,-0.9229087447464575,1.0777888292364433
1,-0.9931487668739936,1.0792872296293188
1,-1.1606357924617356,1.0173165969197548
1,-0.9807756430600986,1.355936218247464
1,-0.9610913630082537,1.239441085794911
1,-0.8501429558155301,0.9897612886732732
1,-1.030546880278614,1.217847148772996
1,-0.945797430370248,1.1163707685028392
1,-0.8423144623335763,0.9685894403857666
1,-1.0455955065123304,1.2380544931791249
1,-1.0031752973653412,0.9643380518112501
1,-0.7791279861166678,0.9541293655833765
1,-0.8658935275058876,0.88670972731915
1,-0.8837224281564907,0.912155334468236
1,-0.7323257653485182,1.0533890657551543
1,-0.6490987128637984,0.9016348408009591
1,-0.8305562893205861,1.0713962451631174
1,-0.8595298657566551,0.9547975448404956
1,-0.7289103140525947,0.8931437673880774
1,-0.7908174691731485,0.9307884718285844
1,-0.5961757804704816,1.0546756984615109
1,-0.761306988241023,0.9599999131900541
1,-0.7994246965289195,0.8214777569737958
1,-0.9570083155265212,0.6544131966825271
1,-0.7304477135159152,0.8366495924407074
1,-0.661963015926127,0.8456982119371339
1,-0.7858040577744486,0.8200906736564525
1,-0.4638778855650543,0.6445541074257614
1,-0.7361074220180709,0.7072823310873602
1,-0.7083110424448653,0.8724194671544884
1,-0.6843072388560265,0.7071713760506954
1,-0.5728288623957467,0.8457085724083107
1,-0.6874868710759255,0.761778196551133
1,-0.7721680510052974,0.6988696082558291
1,-0.43556271946549385,0.6692763364653233
1,-0.7340304677405205,0.5986460205315531
1,-0.737142588462331,0.743493183848167
1,-0.5916911247470984,0.8913153582023241
1,-0.6653907184227376,0.6168468368445186
1,-0.6057554067669235,0.71360385180592
1,-0.4666645607648032,0.6997575502244596
1,-0.539315401171437,0.6840004631684952
1,-0.5680590306246149,0.7272646448869873
1,-0.49049291470827316,0.6196420933552066
1,-0.5798090791002115,0.5734303880343014
1,-0.4628253824866638,0.5293980073725855
1,-0.5439026938795551,0.6714773021923004
1,-0.4826225033150554,0.6446199821284401
1,-0.5222686923231181,0.6923377047198033
1,-0.37277713163582415,0.5359735266906138
1,-0.5073137920477266,0.5821962101066803
1,-0.2794657519768276,0.6372521374984697
1,-0.28217896219590916,0.5530148571887759
1,-0.16935612000653447,0.33502242897144985
1,-0.5696019951586867,0.3683408642394288
1,-0.49734950203775935,0.7011248834087408
1,-0.590619653318718,0.48895639040382427
1,-0.34562871069371864,0.5660171143303075
1,-0.4286102177215037,0.5948084206795776
1,-0.37593468803402796,0.6213711736690649
1,-0.31004001732768205,0.5013422519768891
1,-0.36383001085134864,0.39267353821393036
1,-0.10399994381010555,0.5572235790804528
1,-0.3885617885581686,0.5750727561446026
1,-0.18384235473462118,0.37676595621147924
1,-0.06789026328227979,0.48264502924649477
1,-0.21667094296638514,0.44572014139853583
1,-0.2611936101818971,0.5065767447626244
1,-0.14483451404473854,0.4041199844919416
1,-0.13279975477142134,0.4656323144325217
1,-0.307606219690094,0.8770902535883007
1,-0.041699979103583806,0.5326147620671167
1,-0.12783926490303898,0.4322518492739059
1,-0.054618245504964996,0.6776182249408101
1,-0.1917282168304753,0.569511947653872
1,-0.16225085793046076,0.5123754717453256
1,0.013840773027422412,0.3516508449434441
1,0.026112135688814604,0.5630815205792162
1,-0.11497180001984798,0.5381229746158784
1,-0.06971783629962994,0.5210201002244806
1,-0.04166965661330782,0.5443028705212213
1,0.1820612233809995,0.2723313372567202
1,0.04811391624301245,0.4098063682769447
1,0.11691918968714313,0.3807994643540833
1,0.05301595452435434,0.48389719159214856
1,0.20677000931447162,0.47288441321411134
1,0.21351388368747742,0.44224404880405976
1,0.14782526310325367,0.5570816219303196
1,-0.052218409678724986,0.6503770326093747
1,0.19303474166620266,0.6986470583573806
1,0.31584539566875525,0.5945036393070017
1,0.13682474545000084,0.24018320800155785
1,0.23437306495820187,0.36870735062550564
1,0.14909063098886238,0.550375916471604
1,0.2234746189621976,0.6273504950915451
1,0.3794721931004749,0.3320074590161839
1,0.22953829427090203,0.5449075093609146
1,0.3599743940173935,0.49553499260982814
1,0.38127103337405976,0.4398775616281909
1,0.2622404065367713,0.27917069294308194
1,0.3337446912006963,0.5987923342289325
1,0.3096575189891172,0.6627843553342986
1,0.21994662061159934,0.5589735310048864
1,0.36614894271258824,0.5908076323014595
1,0.3870861232020749,0.39605170598034833
1,0.3716003562995697,0.6048504993917013
1,0.26227189072283585,0.6081808643725158
1,0.5657036982766526,0.5564035291987429
1,0.2778493959826649,0.6611209855048
1,0.4661888550571808,0.5953659710948457
1,0.6269590166000749,0.8482441794504155
1,0.6223790373331054,0.7485271518186843
1,0.3516393805402851,0.7361528698655007
1,0.26973092883663863,0.542968013524445
1,0.5682397433485049,0.5438331943990704
1,0.6093146663102956,0.7633505807996579
1,0.6924802628198389,0.672584554245372
1,0.509409594290666,0.7665131621728223
1,0.5527450156949935,0.7315779459228153
1,0.6398008031895603,0.701939065765075
1,0.7060069667457047,0.8159153846514753
1,0.46140032738142556,0.7953066110301783
1,0.8427400125080694,0.6435572984039861
1,0.6716518438904446,0.7015708117484111
1,0.7596528358629138,0.7248766924479629
1,0.8492810629058322,0.8991260932725741
1,0.7049428882317859,0.7045489412433812
1,0.6641072449581661,0.7290517358836358
1,0.8569362366084783,0.589144717239928
1,0.7494144994664792,0.8321659888123373
1,0.805199518329077,0.7049300713135989
1,0.8940170659662259,0.557691572114343
1,0.7244989483855456,0.8697462130342426
1,0.63906496689194,0.8170695658801013
1,0.7295026387444182,1.0027182351259913
1,0.6482660071775669,0.6954448782140756
1,0.7048149997218408,0.7460394002835358
1,0.9113422366721091,0.8792915872369321
1,0.8297771015306451,0.8593248342656635
1,0.8119001479164829,0.9601420446437674
1,0.5608738383102482,0.9159827122707053
1,0.874984196525261,0.9398309013138388
1,0.8086385123066282,0.8704266131975211
1,1.0084114740229122,1.0458198204726428
1,0.8184950158816054,0.9493563342250609
1,0.7446508889092166,1.0811386361065205
1,0.8909490504354789,0.8726948550353382
1,0.7095283635349457,0.9935086240462647
1,0.8524958081546712,1.0591647623622775
1,1.0758637253678958,1.1571360446392123
1,0.8310153727998707,1.131203956111076
1,0.8208922988249987,1.09826029847934
1,0.8710473822614827,1.0510678913784026
1,0.9842227828616512,1.0833346347026618
1,0.8795926563091635,1.0875605504205184
1,1.0650075938080905,1.2788511397467517
1,1.0242159395534487,1.0918665945749617
1,1.1146475587887292,1.2098945177866802
1,0.8738657567150091,1.351807275174104
1,0.9163635495298467,1.1651857642677548
1,0.9930622529150769,1.3171003928250746
1,1.0186299303781785,1.1029630994632016
1,0.88944548658824,1.2571259543945341
1,1.0043814819266574,1.1625495410238011
1,1.0149045111348496,1.2823319217952698
1,0.9675429124120581,0.9799256820160662
1,1.0065780155487634,1.2641034676581573
1,0.8958536753079904,1.3898970803185016
1,0.9336953873122263,1.5083663017515563
1,1.0112137979389744,1.3944930501324613
1,0.7769335569532922,1.2294052611008979
1,0.9895880616372369,1.4674712080147205
1,0.82692767846092,1.3987511281984608
1,0.9018486977933019,1.3740351517304703
1,1.0080545204938978,1.2788632703874423
1,1.0069131747155153,1.6713412054055412
1,1.041022643673105,1.4524892436850767
1,1.082347249506856,1.4592750542429342
1,1.0419579093995481,1.4639241077800236
1,1.2037749738540366,1.508955214314162
2,3.3073072098774863,1.2173048040416048
2,3.391426968238456,1.6694642003177815
2,3.461247759093129,1.4654837139090326
2,3.410212593642876,1.4361388741178869
2,3.486359211152384,1.6022545936994237
2,3.532086595703039,1.579536319674981
2,3.4759321051294343,1.7605873765930138
2,3.461923942878606,1.6707235246386016
2,3.3474560241602287,1.6753059253690965
2,3.5046108111098047,1.8432405578496216
2,3.2881424711143934,1.522781736282633
2,3.3727481486084065,1.7020293736802352
2,3.4653818178507843,1.635497755342426
2,3.4518454929275846,1.6102503187287789
2,3.712414342364349,1.805117697631997
2,3.544111178435382,2.012803423659892
2,3.4444827797828017,1.7705525399052326
2,3.3213325855207065,1.6474465469640474
2,3.585768334777169,1.7734695435059904
2,3.298658733380723,1.7076386600361602
2,3.605424785112097,1.9243639158487993
2,3.4498421407466053,1.5776896474654496
2,3.571342863136031,1.9419871549167431
2,3.436228062880984,1.7236442134291101
2,3.204644288854695,1.9024729918070358
2,3.3881034664258993,1.9422126858135917
2,3.229842814470388,1.9362000674351305
2,3.507115613095138,1.901592140980667
2,3.5202235870456904,1.9511374932712748
2,3.545829778637889,1.9971736923845553
2,3.1953008390884388,1.9109952504998327
2,3.490967461934196,1.8556979404947318
2,3.323391200861404,2.006000712720155
2,3.2671800719193134,1.9819957389385696
2,3.4652504463829024,2.0572126063794256
2,3.2518164699890946,2.0477403338070546
2,3.441725058746073,1.8352140568957669
2,3.4132974590150864,1.958035001158915
2,3.3394757866315214,2.1543219716052477
2,3.369132213664669,2.0230098545417623
2,3.284471723165624,1.9316564901069215
2,3.2319986564044902,2.143006515736552
2,3.3659882845833935,2.051572154179039
2,3.2902442818500033,2.074297851804359
2,3.1480108654490753,2.1804093892849448
2,3.3609599932219365,2.2291854017953714
2,3.3663169710562397,1.9561444748003616
2,3.328376762556071,2.1348457642889533
2,3.263199080581643,2.148322440036938
2,3.2131080847528413,2.2085352494437123
2,3.257220190724523,2.2711290640954447
2,3.2062918540102476,2.029984397398061
2,3.242865576079398,2.4213290176675435
2,3.125528708817392,2.243160591506415
2,3.2104874345841456,2.2474486604205963
2,3.169523863739356,2.289975605462716
2,3.225292238027466,2.205430636487468
2,3.092722731297548,2.3086421377228166
2,2.96392263232101,2.401471910541405
2,3.0959775909122498,2.2132355771625845
2,3.142208451667089,2.2051761962766503
2,3.081194666995499,2.3358504589726317
2,3.1413898304016947,2.466963383039196
2,2.953754408350935,2.243360765482922
2,3.026769590486301,2.1928814349627674
2,3.1121983130901554,2.4953504763399885
2,3.024757747679433,2.3873193047008026
2,2.8818197501147527,2.381470173892411
2,3.017732195996761,2.5091310866427414
2,2.905073245264454,2.369455030350528
2,2.8716146891193146,2.4123916204857285
2,2.756840939855121,2.201674971202611
2,2.95486275994203,2.398249934414235
2,2.8175520278370345,2.3995202931372406
2,2.811850883203619,2.4345790312286177
2,2.6904315321164773,2.422760515903856
2,2.6849769097682907,2.526201339272008
2,2.818904483374388,2.4931170408520176
2,2.9106383069360855,2.5624048916946878
2,2.6489177205945924,2.3266048741282765
2,2.8169260471164486,2.6306451603868157
2,2.6591965421541777,2.517723418857015
2,2.774437193771702,2.4064260705046885
2,2.7772780168552273,2.579323636582113
2,2.6212233261544835,2.404100664001885
2,2.6503162058730485,2.5551539176283504
2,2.9136037305270075,2.4259314752761467
2,2.646591488892729,2.4030780087483192
2,2.5631078742926676,2.3359433676122823
2,2.637656712289257,2.3697195132815563
2,2.6040689556293897,2.4034911736658864
2,2.571603961824201,2.4388830788233977
2,2.5596040791220993,2.4144848141138753
2,2.6238819342892956,2.515518014902704
2,2.7840737838298573,2.5734701182805804
2,2.6873078609759973,2.4884353334275304
2,2.451494872999238,2.334375234799427
2,2.559730864422893,2.574219646349539
2,2.3526863987938746,2.477488849448715
2,2.383523155711793,2.773918708758038
2,2.4558176824098297,2.5447961884351167
2,2.5954822539311215,2.3964990476877435
2,2.397067248550941,2.4734140232321216
2,2.2356873841407046,2.4500687351523394
2,2.345000803766803,2.5051673701345787
2,2.34023347338892,2.4830436326394256
2,2.3128150978068405,2.409903261558473
2,2.47340151335513,2.5419428225443728
2,2.46990492530037,2.342765230076558
2,2.478744456725588,2.529917779112217
2,2.3059215489832074,2.5959766740766996
2,2.3748402827936395,2.5556763757018066
2,2.3202640034749535,2.442887753146854
2,2.3373050386392014,2.404994576761209
2,2.21435129862994,2.438111591426234
2,2.3340363493490273,2.4784501768308322
2,2.2178386444287725,2.5183184179864706
2,2.185710405962772,2.4004384799868976
2,2.395115571294804,2.4669413101931217
2,2.148012010901917,2.5158341989917443
2,2.223972052743279,2.768919904655246
2,2.1731528007640604,2.449563983724823
2,2.2022497965116377,2.476153109984279
2,2.049039962520439,2.393362395038311
2,2.2489424513604432,2.5005058858859064
2,2.171100421298635,2.400269311943198
2,2.0634321900144994,2.5259633309609533
2,2.0468384870876544,2.4331381540024877
2,2.1189105281631435,2.465829924112539
2,2.0468512117703477,2.415764417693808
2,1.9694103935325278,2.3288828767328846
2,2.033940639287152,2.498270106653167
2,2.0704136127196193,2.175271909613589
2,2.0409705986807154,2.330711574689711
2,1.9543626013902184,2.3905908813732295
2,1.9814444891807361,2.517466542358416
2,1.9769170753013263,2.283014605544483
2,2.0091854119598698,2.28852788071214
2,1.9312365459342509,2.2808517468294176
2,1.7143926105039005,2.481163920315302
2,1.6847569121169044,2.340593432989879
2,2.0027680297736357,2.3091100080269005
2,2.0266301837236362,2.4809070395326156
2,2.0259913938452083,2.43513355710933
2,2.066713420263466,2.2284060085914277
2,1.7729212034761133,2.039943842375698
2,1.8464474382302292,2.2160815508744895
2,1.8130643351820868,2.1124016372680625
2,1.7659692547101769,2.333818974009461
2,1.8348001457929153,2.2524439131493077
2,1.6780470695938736,2.197136088241125
2,1.8405067626046936,2.1017219601472292
2,1.8318251741669807,2.0912973363948772
2,1.6431252697075585,1.9836693865896402
2,1.651845341452395,2.1883932337662815
2,1.7425156227486387,2.165718603378332
2,1.7573971521782141,2.254213464662837
2,1.7475073969765929,2.1678412107378233
2,1.4914438998979005,2.065836531445514
2,1.6750451301644518,2.138384301630483
2,1.5956329290025644,1.9868302992032087
2,1.7472018549123103,2.0309258012725215
2,1.5555853678595812,2.0731973117244906
2,1.669243790529241,1.9874061717605465
2,1.7123377726062774,1.953298485114615
2,1.5256183165593222,2.193451429465215
2,1.6692684902810018,1.9969696519834574
2,1.7659123050170944,1.9947847466557411
2,1.56521669132689,1.9194121252946001
2,1.6209198047535547,1.94522374109605
2,1.5524211527222285,1.9983573783843922
2,1.5987844138750371,2.006832797378385
2,1.6587589302524577,1.7631138366300698
2,1.7509637286907478,1.770417412393973
2,1.6825618686619026,1.7118879680564798
2,1.515574220750192,1.8273287323308418
2,1.5527711337984742,1.8532159653310065
2,1.4402373551695458,1.9360845881635267
2,1.6489196045233458,1.8604848924411905
2,1.665308376869064,1.7841024404283794
2,1.6628288183152955,1.7148710407312602
2,1.498928847338091,1.7847173717165548
2,1.5400393895395132,1.704989136884468
2,1.568985451948084,1.7604834822480415
2,1.6175292694444758,1.6615503884784026
2,1.4328118596473625,1.778356199974385
2,1.600084832942652,1.7458890613870524
2,1.5099917456832856,1.6990145810152466
2,1.5276393010138094,1.6991373360042128
2,1.5306713429985808,1.6493084813818557
2,1.6451063777751058,1.7470788840663745
2,1.6291058551618143,1.5992900016861873
2,1.4569849056924478,1.583618717339088
2,1.3716698361611928,1.6715862161603094
2,1.4288255922513755,1.5105012430132454
2,1.3654243774133374,1.4562920172786415
2,1.6253817604585927,1.65691749852424
2,1.5240878390635881,1.4950239864942882
2,1.635318747664263,1.5613248812054077
2,1.4700444749123371,1.7313401130671697
2,1.6480181923030908,1.5645217870742243
2,1.4574330729888,1.4020118133875688
2,1.5211937120492398,1.515168982327195
2,1.4909372855372767,1.3487874301819713
2,1.4823249997937689,1.4037378523841184
2,1.4954870246554013,1.3362114087808394
2,1.3486208978055119,1.450128987951817
2,1.4797689704100487,1.3167587473154383
2,1.5944185194126526,1.5970832466924105
2,1.4526773236593988,1.3488678089429855
2,1.4636052731167666,1.499750540531896
2,1.4581594315066113,1.1611054670274437
2,1.5082421713600722,1.3452394946819493
2,1.6169548739113486,1.1545438535060732
2,1.7032460455187275,1.3762392023535293
2,1.4115966761237333,1.2757017643792083
2,1.5291930554346607,1.2315238098071661
2,1.502020216215925,1.1647684875210689
2,1.5634143229829651,1.0699213818758015
2,1.57559671945659,1.2234835497751562
2,1.5059124441890193,1.1653957427531025
2,1.4775787989869957,0.9968617981396457
2,1.5634999563635483,1.0952727710654702
2,1.6949443523711805,1.3177699716936049
2,1.5692246537632542,1.11968540876345
2,1.479014695325141,1.084557316667795
2,1.6401883877591859,1.0488946754359043
2,1.63957683226477,1.0919786875039579
2,1.6636408866158625,1.04117357780359
2,1.4327984855964462,1.0381603223660796
2,1.7470815871842194,0.9285375031216958
2,1.4147114142044088,0.9315806972159183
2,1.6050143026281485,0.8252666506501971
2,1.651137038694891,0.9402951790879971
2,1.6971239074589817,0.9296633631188811
2,1.465377528586811,0.7863134482718694
2,1.5311435680841023,0.8717451510523684
2,1.4793442533231171,0.9603278993259329
2,1.6170794583151356,0.8999797922782393
2,1.6413095487994138,0.9896528649631083
2,1.698876175214597,0.757140716001524
2,1.7880986335945963,1.0864021142874523
2,1.81003225763799,0.9758846854644224
2,1.8124541949576103,0.9125343447328843
2,1.6109847234967287,0.9166501973980224
2,1.803555129773299,0.964263498776744
2,1.7541671849971467,0.6112527569435418
2,1.8339613641065962,0.9581405340279067
2,1.8584850172124003,0.8678841222400975
2,1.824728361945369,0.6952328802058279
2,1.9459008246020137,0.6437417458382654
2,1.8214126592631859,0.8827223293202334
2,1.757025312585301,0.7788916200677867
2,1.9057639634106553,0.7574624614221966
2,1.6416510591812026,0.8736690740141975
2,1.7894994482495592,0.8078830158567233
2,1.8548286710391233,0.7857719862929025
2,1.816209622728558,0.6063010548771345
2,1.9532475240879497,0.6181887508497591
2,2.131970463633266,0.6357139735347562
2,2.048079122861565,0.6790448947577007
2,1.9441659865914112,0.8894746564899153
2,1.8529670696439475,0.6993405986938966
2,1.957816687921308,0.6227993077482867
2,1.9716570364168702,0.7585388263724666
2,2.1220591507354665,0.5522229443327556
2,1.785099187176907,0.5995242622024894
2,1.9258902701549092,0.6540978193176289
2,2.077278258496741,0.6107861541214776
2,2.1968915567798946,0.47428697913616125
2,2.0505052994557436,0.5211724059834923
2,2.084874341916826,0.6155770788971218
2,2.277169014578783,0.5432279482498665
2,2.0173313109562474,0.6373008403785303
2,2.0380759753946878,0.5780935646786248
2,2.054583372030222,0.6506503330937855
2,2.2223694706649733,0.5687895856686604
2,2.1585999825442745,0.5658017888205958
2,2.1331645276167874,0.5136213938064867
2,2.182441754065652,0.4106172257854378
2,2.1594493917786823,0.509969182476857
2,2.057239745383268,0.4707844557722124
2,2.1985445939398454,0.6084081851815965
2,2.169668047307823,0.5767681016114297
2,2.31114620237057,0.6486196422624593
2,2.343125733677245,0.6115173279113256
2,2.3685803341398004,0.4565176227908891
2,2.1945309108376687,0.3244377963912516
2,2.250894769561896,0.3466307489257645
2,2.238609433350027,0.7321075002481368
2,2.362850190737138,0.37584310308539814
2,2.3232544039876304,0.7410269028750847
2,2.2753719629512625,0.40385014984127837
2,2.3750310819834732,0.4475922327426551
2,2.5296094220684187,0.6354586812454418
2,2.3897213850099956,0.42692177966150613
2,2.40826774922447,0.5691330848693771
2,2.5027004481213524,0.6188288797530805
2,2.598563270652723,0.49918545876567466
2,2.503137421285938,0.5806561011985435
2,2.413515518587376,0.3768203901616085
2,2.436621420838037,0.5671848572338246
2,2.5835769742369936,0.3795027533082411
2,2.554103329090348,0.33825738706571107
2,2.451521611059868,0.48959842861126474
2,2.783694961161836,0.5806435803184867
2,2.681821951469241,0.5035031001081116
2,2.6141500010730208,0.43313990440683975
2,2.490515380822161,0.6664471324965474
2,2.4248886321943233,0.5050042464225397
2,2.6287929924932762,0.4712504695522727
2,2.7579678869767656,0.5048604052837776
2,2.660041190428596,0.46127752818081513
2,2.5627423447390836,0.20004180083948037
2,2.813669642698346,0.4857161123917214
2,2.601278562061023,0.37538174679730785
2,2.828069051382332,0.5370239802521471
2,2.75533712032507,0.43652566201559456
2,2.758878841801747,0.4638955140076877
2,2.8392610482754637,0.5316286059899813
2,3.0220242975117704,0.602990971871409
2,2.905969662300873,0.6926423040044613
2,2.912617694831093,0.6133165041906116
2,2.9569668103089004,0.48121135203818943
2,2.90220531576415,0.7010502871444952
2,2.8523939186555745,0.6304467394017828
2,2.7300543494665046,0.5552115118689586
2,3.096417328600886,0.609771099505597
2,3.113790654928385,0.6002900653160191
2,2.9568628319494965,0.7219654134920817
2,2.7795816698336475,0.510428427029963
2,3.178241226686343,0.7197857817033584
2,3.054500556113093,0.6435912353022074
2,2.954341286512347,0.5716099355712874
2,2.9898118671957636,0.5103113386164533
2,3.0460906396735385,0.8179742289932206
2,3.0097592337166423,0.6651790482357826
2,3.1285220261401685,0.523354583852716
2,3.0206288015810085,0.899427024138665
2,3.2969192187363787,0.6023377265920455
2,3.1820455796579554,0.7570817044623062
2,3.162702650695147,0.7719304175271735
2,3.179775339061251,0.6348937739961108
2,3.083593441446285,0.6872840721690955
2,3.20812159039819,0.8843218208318657
2,3.247915684948345,0.7122030839910425
2,3.176943904719202,0.960584437732594
2,3.100794315522453,0.9012428623750763
2,3.2385471200201814,0.8228209228228281
2,3.272334357945197,0.8665660916878913
2,3.299181478732636,0.7972772338932639
2,3.150579543128078,0.910066538693259
2,3.1699068163012485,0.8202444974469848
2,3.2276760343030007,0.8426271492399606
2,3.2194562913337186,0.7435904584241959
2,3.308444267823256,0.7053884927333556
2,3.1392261258666316,0.8572474504804893
2,3.4018331936523754,0.8336181397361955
2,3.3027639360672,0.8867750737915469
2,3.313008336308992,0.9236017323700891
2,3.3146244842804076,0.9096132952131882
2,3.426093492241155,0.9796994467070875
2,3.12843289203116,0.9465493674947308
2,3.3361409635996537,0.9208280855061727
2,3.390357174898384,0.9151753949318149
2,3.51758498156842,1.080921378857861
2,3.3419981268581864,1.025868723766926
2,3.338504397282911,0.9373252109617868
2,3.466280745433088,1.0797490384128903
2,3.4754497768979693,0.9565911787891064
2,3.43513403943452,1.0062547106645712
2,3.466290052089373,1.0644423441538469
2,3.489753579378914,0.9676674244727868
2,3.4822943049727804,0.9941014392749462
2,3.585675659767668,1.1064270451542344
2,3.2349759542060914,1.0495032894885867
2,3.5432731916390896,1.1858219333260034
2,3.2601518461725894,1.1369317735402746
2,3.391113955488234,1.3106009242629661
2,3.4502741392247924,1.137287455723929
2,3.576586118097783,1.2703982059791155
2,3.4572380281202335,1.1998238508737544
2,3.3948201312924158,1.1631725500174612
2,3.450876447251143,1.2781357512535696
2,3.2860272419434233,1.265695972007286
2,3.5068894069016587,1.2854315924792947
2,3.5084452313195302,1.20325981271874
2,3.640432548812244,1.2363563092902803
2,3.5226154895953514,1.34500184736475
2,3.5836514425585477,1.4463122701124758
2,3.553475896268976,1.2644981599159406
2,3.533063867497834,1.3954125677436622
2,3.5116981251949495,1.3615806441970244
2,3.399331125469818,1.42931349571606
2,3.556362217276068,1.1588228541129115
2,3.5795916584363834,1.4701701182654459
2,3.5373234716233335,1.2812124814135801
2,3.644376594171472,1.5620425311295678
2,3.394226097985857,1.507431697967561
2,3.5601632077413927,1.4045983426780166
3,-0.15901921238453698,-0.44364772192511703
3,-0.09693986251444858,-0.299346444539045
3,-0.13354045394454725,-0.4334773708820448
3,-0.3598227376494779,-0.3903413876572765
3,-0.2918052222517798,-0.5592990597165501
3,-0.24841943437867325,-0.33247829407079676
3,-0.27618333804373985,-0.24183599346528348
3,-0.05102290012594732,-0.3977613818861871
3,-0.37891972065469137,-0.4166957423900131
3,-0.26716151901009777,-0.34270529636202474
3,-0.14232885595806727,-0.3907465696886473
3,-0.29831463197125657,-0.31427977136173474
3,-0.2885567169859793,-0.30033159892792105
3,-0.2933748495442968,-0.4211177332493544
3,-0.25215430050233306,-0.2939033883509371
3,-0.2138374403771543,-0.2741407285249127
3,-0.43383193468674375,-0.26239222524417566
3,-0.24779906743054472,-0.15347741499094297
3,-0.2849373466842738,-0.32845009667909997
3,-0.2776389594311792,-0.11070977973650471
3,-0.37921129547072946,-0.16624295799981564
3,-0.2720418813954068,-0.19489421769242532
3,-0.38729662468405857,-0.2944265247592843
3,-0.28094682167626356,-0.2139052484273566
3,-0.12533696648547996,-0.15392793861936493
3,-0.44286248040077036,-0.23472562373590172
3,-0.3522684268676309,-0.1146446924547923
3,-0.2825131901261677,0.09634304696699891
3,-0.23051508533131698,-0.18747502926504447
3,-0.320803387339992,0.12120753815774346
3,-0.20151854278139902,-0.21207669777170654
3,-0.30937133370988235,-0.16265985665014304
3,-0.27091188576512026,-0.031232358764217143
3,-0.22240237980886512,-0.06308364703852093
3,-0.4484242831038086,0.16748224039635054
3,-0.5272975378357361,0.0557591702016614
3,-0.4226030487985984,-0.003116149693835245
3,-0.31284870876298504,0.0192710370145913
3,-0.3559935118011057,0.04809021315056594
3,-0.23984664767240585,0.020783725697157147
3,-0.4922764332470294,-0.026560319533430285
3,-0.654298815483702,-0.029430987857581276
3,-0.5058458726659983,-0.09531856226566804
3,-0.284434188165935,0.24834050582549239
3,-0.3962375909709598,0.05614005729239979
3,-0.4497186988387269,0.020133019656874585
3,-0.5748190541566722,-0.037579851770617484
3,-0.4825857417782419,0.16002311779972575
3,-0.3804469335347549,0.028829261686797697
3,-0.5116166411031281,0.200928554693934
3,-0.4308933783796907,0.28982638114021014
3,-0.7292283975622443,0.404103676857647
3,-0.6511850368446583,0.2893520065531261
3,-0.4988440076481359,0.4085277092469309
3,-0.417925816935214,0.5170139420925988
3,-0.5714727696654631,0.3979481498319176
3,-0.5418932428683458,0.3982715722388025
3,-0.7120385854069986,0.48209773704319325
3,-0.5180384052911597,0.3510561698406387
3,-0.6787042689660943,0.18698880658577183
3,-0.48084972325950437,0.3767268915598831
3,-0.5534819326062759,0.18730981651340514
3,-0.7484700849132688,0.1603797861496495
3,-0.7542060802594915,0.35457080992502815
3,-0.5778910607533423,0.27190520031222865
3,-0.5833442037382556,0.4158747800549777
3,-0.6005646515327,0.4040297867014942
3,-0.9441492498258937,0.4593441859166109
3,-0.5666243177534072,0.3237729413730196
3,-0.5335359158082595,0.45362044929952594
3,-0.8876254867624176,0.32737334734583096
3,-0.6857259254826833,0.38107213864392925
3,-0.85391603852246,0.4772621118059401
3,-0.942819688021198,0.38432460937862195
3,-0.903582138263878,0.5524559356276937
3,-0.8589408646535482,0.46170790743749895
3,-0.9212383206475666,0.47282770163324883
3,-0.9019555596230077,0.44891261820346506
3,-1.042147852655545,0.6527001340608661
3,-0.8755440237740737,0.2611639701358719
3,-0.8528062277709877,0.3702052823039532
3,-0.9940330858275962,0.39384834328028256
3,-0.9899542826865471,0.5125716510975022
3,-0.9006643560781682,0.44363962917735117
3,-0.8471377205700541,0.4853594350929367
3,-1.1389268955998664,0.5956142617292529
3,-1.1449180813542346,0.5423769945230241
3,-1.115861342635507,0.47925904980106265
3,-0.9472787234550704,0.4098873860027922
3,-1.1586430905697505,0.38903345178262233
3,-1.0445682944133248,0.5399357380047611
3,-1.0557856798981078,0.6252055342879428
3,-1.0909601520852363,0.4368050865713528
3,-1.1260762810859373,0.48609388339146775
3,-1.1197322835067767,0.6370478070589858
3,-1.251172560322499,0.39471947861817447
3,-1.0039379443999894,0.3633296678513267
3,-1.1844051410294463,0.40057221535476234
3,-1.1077295517116774,0.48316610121800185
3,-1.121267755670536,0.4453090038227943
3,-1.5057119808934616,0.43679027876943705
3,-1.3723652132429986,0.4864017428865039
3,-1.345398978618871,0.6276394355417441
3,-1.177777240590518,0.5015675446087379
3,-1.419875619458167,0.5492390196713072
3,-1.360258668269343,0.5712733075027099
3,-1.266765102641059,0.4899097663057747
3,-1.545430279479385,0.5171618626101627
3,-1.3955656293476053,0.42627600313846836
3,-1.3604747834039366,0.5694903019614366
3,-1.3015767547957737,0.5509281941862405
3,-1.4591255541801196,0.5535864220794845
3,-1.331296530658435,0.44199491200601576
3,-1.4989889829215708,0.5433258890315292
3,-1.332335304343186,0.7052950403553725
3,-1.3931291622472495,0.43055408952330954
3,-1.4810010346038163,0.5374091956119696
3,-1.3266473522667646,0.5491758770841306
3,-1.5082135133240306,0.6137949933647229
3,-1.7451002372005289,0.5411899744659587
3,-1.5583716793386968,0.4637751131782748
3,-1.4618806480674675,0.4861708841014686
3,-1.4232654249015164,0.36208669775300834
3,-1.7077230208213712,0.27161600622672355
3,-1.6911829065259594,0.3853611217786408
3,-1.6041547324233985,0.37818827252319637
3,-1.618456593525624,0.3355213819096024
3,-1.5216765917818327,0.40493184250067554
3,-1.6142865804704423,0.43181679862509265
3,-1.5883183142406179,0.34175030492931324
3,-1.6393057449033135,0.43082150055272506
3,-1.6709906216962582,0.37400050220159387
3,-1.526050895489286,0.31227819429192877
3,-1.8088839320170087,0.24966407972788993
3,-1.979379106159539,0.2700104938665224
3,-1.6751447561668698,0.47683804615159786
3,-1.7652420217929596,0.2580486144599671
3,-1.7608949458254515,0.2763738669986121
3,-1.7714434605796645,0.3713450887257292
3,-1.775035362105324,0.326191198548198
3,-1.7632839100668818,0.396191231513453
3,-1.7000797090915345,0.36269468546314165
3,-2.053374149842068,0.3767477292464407
3,-1.8969781049579928,0.23099442786396743
3,-2.025748213610533,0.24867845472814282
3,-1.873361567036642,0.22949404967683426
3,-2.0029508338098556,0.10730966503811015
3,-1.8799036991234546,0.18244641606228054
3,-2.0075012348893524,0.1301848500910364
3,-1.9992419432376631,0.2803360484497978
3,-1.9977286665948033,0.15884527236673202
3,-2.1073304190816535,0.3452063695377413
3,-1.8997076427067174,0.07796085887692732
3,-2.136086440298558,0.15269762116083904
3,-2.0291602342153454,0.10894688349688561
3,-1.894014267116002,0.21301488128725526
3,-2.064772505638823,0.11718983501980507
3,-1.963043752707236,0.15491614894685268
3,-2.086792726236584,0.21804720037187936
3,-1.944943212795438,0.036122795659689455
3,-2.0519366129611316,0.16031830454950768
3,-1.9487536469119098,0.021185720523990065
3,-2.153887181416163,0.18535416668119867
3,-2.2016546055004826,0.01316919274210963
3,-2.1588765559056973,0.02406080612001782
3,-2.280275508413231,-0.03433246551195773
3,-2.1215263013142303,0.05826010319646879
3,-2.149041535061639,0.13135728996364107
3,-2.1954380971953116,-0.031153405427020664
3,-2.086957587952281,0.029335028404850527
3,-2.1829722444606205,-0.1594030084795196
3,-2.089998335432567,-0.01910012793436172
3,-2.283610039293484,0.03734836707652679
3,-2.0755199265622295,-0.1530571405678633
3,-2.330401163966622,-0.07563126877587853
3,-2.2515765538201267,-0.07863528964392638
3,-2.3875932358518415,-0.17573593966768666
3,-2.202553330043584,-0.28418940197420595
3,-2.149480399067163,-0.23139293719762122
3,-2.1590469394358935,-0.25235420345220494
3,-2.1935268865296695,-0.25071357283060847
3,-2.202650217681804,-0.22606205407821525
3,-2.2709284964750975,-0.25021570045234237
3,-2.1294740025200642,-0.2341813600178885
3,-2.2218664128919587,-0.35847601178590766
3,-2.1388217608650453,-0.3252744162029597
3,-2.090420074894784,-0.3599410302094355
3,-2.22505450809081,-0.2672777512246887
3,-2.315477119664424,-0.2380959503305458
3,-2.1381892470765584,-0.23950795623364057
3,-2.1182973676621932,-0.32033889766781
3,-2.2085441358363758,-0.25270787592920757
3,-2.2617394706270395,-0.3774817111923355
3,-2.234653631706917,-0.4063777723123804
3,-2.391354633206963,-0.3773650465408873
3,-2.2838756499991377,-0.348912670401042
3,-2.222714861332553,-0.4472089927283958
3,-2.353743262150431,-0.4413113245261412
3,-2.1582488688530117,-0.5467725852200002
3,-2.2294573843229952,-0.4846762002376051
3,-2.0317301006051034,-0.23381513848952534
3,-2.206159937039057,-0.5209986531623997
3,-2.147243212530521,-0.5398628601931927
3,-2.1488321874667005,-0.687486346186153
3,-2.2297396750879166,-0.6705535214129266
3,-2.269504306404339,-0.7408708370416978
3,-2.225718265412323,-0.6964258514742643
3,-2.2470609289559107,-0.6422835319251219
3,-2.2322339081751847,-0.5157456869217355
3,-2.319452962580574,-0.725849417201688
3,-2.2057479290906623,-0.6938963021068512
3,-2.3988455168374867,-0.7054447070692127
3,-2.1899655802292903,-0.7782662458327809
3,-2.2069271603689855,-0.7381962140624948
3,-2.202920431977026,-0.4941064871943781
3,-2.3647100706924347,-0.5576391590964558
3,-2.1416866773727814,-0.8012668256168083
3,-2.1526212491465033,-0.7178812804778125
3,-2.303170917441032,-0.8390840700124038
3,-2.209027445757733,-0.8762349090616877
3,-2.2128928034410724,-0.8797822032654558
3,-2.194436042104752,-0.73068848348663
3,-2.19868565037765,-0.7975804828545197
3,-2.155568112814951,-0.8705620520500379
3,-2.1457257086646018,-0.8266930675227753
3,-2.2636613699409707,-0.8342882046701559
3,-2.012081276752567,-0.9469095149652117
3,-2.1588537452947154,-0.9577777207519839
3,-2.323295389196392,-0.9659233582144691
3,-2.178339636760068,-0.9673021847325556
3,-2.0491675534899123,-1.1366508243679263
3,-2.12473886978122,-1.1348504120374896
3,-2.0172474566632577,-0.97873299402665
3,-2.2193744630564094,-0.8081868917193603
3,-2.228378005216154,-0.8366131837961187
3,-2.0955081295342266,-1.0427744434215664
3,-2.115681578147916,-1.0226583828172529
3,-1.9654422983496413,-0.8176325238917787
3,-2.1794477591501464,-1.1354373329324439
3,-2.0135346978080673,-1.0715881446593507
3,-1.8723486126468751,-1.1081821044414772
3,-2.0522542700657285,-1.1938817835554538
3,-2.1341069615497688,-1.246943436093565
3,-1.940479011219252,-1.2329462128261368
3,-2.1038483119306215,-1.25977128466155
3,-2.161845003470227,-1.1306837973924646
3,-2.135594478432025,-0.9314423287423997
3,-2.1698087862813953,-1.1607712504610386
3,-1.88627316961344,-1.2355640541227093
3,-1.8780872754176379,-1.1526411600339275
3,-1.8294065727994846,-1.2668359947867336
3,-1.9906625075042585,-1.1220835796413746
3,-1.8308373982236563,-1.2520447276659725
3,-1.8964164219443465,-1.2028134777146664
3,-1.9235831551612363,-1.1574356232523355
3,-1.8492570847427965,-1.2659934401465562
3,-1.8784938003196654,-1.302708932588105
3,-1.8177853711609229,-1.1237797596639276
3,-1.9385350568371615,-1.0685155420208483
3,-1.812825283357583,-1.278636098437957
3,-1.8251757645202826,-1.3227129978929688
3,-1.8682510284211824,-1.3320136287956084
3,-1.8453301964229676,-1.2735352543996679
3,-1.912198873917406,-1.5086969670413115
3,-1.6891312808043513,-1.3391483335757302
3,-1.6904126279955394,-1.366284390940671
3,-1.6793220593894023,-1.3685295584159258
3,-1.67349912722941,-1.4266758321201907
3,-1.8418451500628907,-1.6318860923384642
3,-1.7972105200891706,-1.619435134747016
3,-1.732451258394373,-1.4533945527120649
3,-1.6775653466563198,-1.3140962379399437
3,-1.588763855793973,-1.4639798337687515
3,-1.8094476823606291,-1.555852405673281
3,-1.5595848610611565,-1.4309318913477733
3,-1.5981985215754537,-1.4847159973387247
3,-1.699085900175548,-1.3348009533957157
3,-1.615603337054506,-1.3096993776174148
3,-1.5153709927928343,-1.4378722105685886
3,-1.568630958243795,-1.6160820350362461
3,-1.4505260942045595,-1.2650242113432368
3,-1.350702485587118,-1.26197858103454
3,-1.6207024319506047,-1.4476323419881738
3,-1.3467238157169106,-1.503419369341449
3,-1.499418649703286,-1.486195243011214
3,-1.5895628818574863,-1.6042841385581854
3,-1.4150863816411403,-1.2398808414608755
3,-1.4170131346831674,-1.3770860454586393
3,-1.3652962693708464,-1.524016939860374
3,-1.3002205625029317,-1.326413214960358
3,-1.303303500924194,-1.3443564130138377
3,-1.4230548002177434,-1.3873002633531826
3,-1.4084654329686697,-1.4308057972298438
3,-1.4532817802185076,-1.5683876210568732
3,-1.2504528985333117,-1.3956893029069342
3,-1.4382259295645197,-1.4535266076943103
3,-1.3580276310954074,-1.3855660939988974
3,-1.2585141423213222,-1.5444825504182063
3,-1.2141569403427166,-1.3004145011987116
3,-1.2903668702893765,-1.593482170818644
3,-1.2722330370777386,-1.4365693269714732
3,-1.414195602194548,-1.4369597932131357
3,-1.2169304742622844,-1.4241202624406024
3,-1.2431215612418138,-1.4732117798396682
3,-1.1760562146779574,-1.4402488794419668
3,-1.124437185426026,-1.5237647791861249
3,-1.1098882060813509,-1.515927813019435
3,-1.1361305332008889,-1.7775470471421682
3,-1.1093161748867373,-1.486963583049925
3,-1.0669883967302558,-1.6204403831264143
3,-1.1117530611034607,-1.5335438449102912
3,-0.8157872229310124,-1.5266549541382346
3,-1.0227273042747376,-1.6762174595815296
3,-0.8998903981357211,-1.4161682237528597
3,-0.9675972024017263,-1.4557302901594897
3,-1.0188368177991363,-1.5102955013076607
3,-0.9063568421337305,-1.5313262886131365
3,-0.8578939826151484,-1.4104885497639075
3,-0.9691433271090731,-1.5682452226447188
3,-1.0526551504068165,-1.363455870888343
3,-0.8902957768608455,-1.252378456404002
3,-0.8074667976684925,-1.412481877818172
3,-1.0000585324678317,-1.4195899730982757
3,-0.7568748330479627,-1.509221061934414
3,-0.9991690929945862,-1.3842511915767262
3,-0.9719812030653541,-1.4309092486342279
3,-0.8523000126167776,-1.436158737944957
3,-0.7638335388163375,-1.2809565545169534
3,-0.6772736212552698,-1.3150522434596974
3,-0.803675507149981,-1.4463746394220796
3,-0.7490023606255864,-1.2509952854491575
3,-0.5297393595463503,-1.4946809704697162
3,-0.8201164304876837,-1.5297096884871142
3,-0.7897639658377491,-1.4118810308893273
3,-0.6102395689642696,-1.1982301168958016
3,-0.8009137244084458,-1.367973777935067
3,-0.5822199139958392,-1.5334116059695329
3,-0.8056201419070218,-1.4767624443893386
3,-0.47626719537880785,-1.38381062870891
3,-0.6523194809608952,-1.312727479065831
3,-0.7103960158937919,-1.5070634778104506
3,-0.7454228331340139,-1.3231873578227915
3,-0.8520543448035132,-1.1432927003502005
3,-0.5040180599606868,-1.1245549046129355
3,-0.5515196533830717,-1.2587347954489503
3,-0.5834161150347238,-1.3408200790553257
3,-0.6383083810606601,-1.2520752964198156
3,-0.47339794903235355,-1.1773607345305552
3,-0.6903377662849727,-1.2364789883332605
3,-0.5433023710171713,-1.1389744245005218
3,-0.4260296126930749,-1.2488459167782098
3,-0.5061992418148491,-1.3157623446620148
3,-0.612280782255923,-1.0643252856464616
3,-0.40949305628167054,-0.9912172512627899
3,-0.26281589891628515,-1.1489985849845954
3,-0.47572581515012846,-1.3022668209548824
3,-0.4885144293802807,-1.1814918001304293
3,-0.4088479821535249,-0.875463618521681
3,-0.5491129077575374,-1.103925313715983
3,-0.2819864153733068,-0.8464679784076463
3,-0.3590731978442913,-0.9510056063934506
3,-0.49654992044471324,-1.0157876130975396
3,-0.3531845135175285,-1.2408753146450335
3,-0.40540404136091457,-0.9880397261816182
3,-0.38215242146383194,-1.0548458429508136
3,-0.381098617011851,-1.0529303950727709
3,-0.3794143628390195,-1.0581650267395752
3,-0.22210853683694773,-0.9405826790306522
3,-0.450922557767047,-1.077341716993425
3,-0.31550064395888033,-0.8959141948404183
3,-0.45784011959612236,-0.8429954649820792
3,-0.28050084393134056,-0.7600686735899144
3,-0.2682523891636116,-1.008280090462037
3,-0.18798737824410072,-0.8866980866361192
3,-0.32820612326914456,-1.0004335044275288
3,-0.2373326761462508,-0.8414237268972068
3,-0.3180573546105261,-0.987861156355982
3,-0.45193697341511685,-0.8033766398846605
3,-0.3641197695590097,-0.7682826139223319
3,-0.15039074951371434,-0.7282823346637448
3,-0.33947007152330355,-0.711122332491926
3,-0.4642020119374149,-0.8128977163288826
3,-0.2470615337380581,-0.7539957126558924
3,-0.34761561312203504,-0.6427733974625147
3,-0.2602650777826901,-0.7720093722203477
3,-0.27420719540973293,-0.8163536630748677
3,-0.3445555391787731,-0.7217924689664234
3,-0.21498203900243218,-0.8974946781025195
3,-0.27216049766019845,-0.9025319062206758
3,-0.33628594830729763,-0.7835414540861593
3,-0.21779190113904748,-0.5505257512086986
3,-0.14113210419675987,-0.6695035217300814
3,-0.24548267777600422,-0.7045357157363638
3,-0.3021427780078281,-0.5811932613505234
3,-0.32788594610516464,-0.5394180924586759
3,-0.11334761258799575,-0.5136487486166745
3,-0.19564946293428453,-0.5410551196397344
3,-0.2978957606067462,-0.6608273987953417
3,-0.1166504358866324,-0.4506707054701737
3,-0.28965521080693235,-0.4852296968558978
4,2.2653345788240706,-0.5875227530278406
4,2.149606121703952,-0.3873278905555439
4,2.377644415877389,-0.44044328077196154
4,2.211877827696071,-0.4061397430275611
4,2.281165360803664,-0.37122066821346866
4,2.443312684142635,-0.5177758579317112
4,2.2132542747679906,-0.40296164109815713
4,2.1372969006459175,-0.5464506503021507
4,2.175405536401367,-0.374102854053071
4,2.1964298298960356,-0.477566505235826
4,2.247810786319618,-0.1235822371487264
4,2.252777257223007,-0.32459427231244725
4,2.257398260881582,-0.20026853733113703
4,2.3503143156104045,-0.14198259423222087
4,2.0942599506908737,-0.2216495115945214
4,2.0995518247335436,-0.25177642561345603
4,2.4811116494165915,-0.3819900661479182
4,2.3536137220326276,-0.2658946351678202
4,2.302304193639598,-0.24349381581380758
4,2.26874864137951,-0.2181543098637507
4,2.2243088665903152,0.02211954661004678
4,2.1115176236154385,-0.3460387492266127
4,2.124753980104869,-0.06142330166535798
4,1.9844493367734763,-0.2654601601909218
4,2.1590456908685023,-0.2296126326745666
4,2.256035436356625,-0.14899964671679827
4,1.9592736922269134,-0.17353393674907336
4,2.270098340234283,-0.18312767525945434
4,2.1506165526747916,0.05006514916430303
4,2.2224535785949247,-0.2220656006162223
4,2.1740998504079654,0.06382086864464817
4,2.0652740464910484,0.09393292719661087
4,2.1401571692984542,-0.0023805450095491613
4,2.316187382497365,-0.0060032157399738635
4,2.1579222751888136,0.12323002963720826
4,1.9050811545869948,0.1546401006026353
4,2.16074037427385,-0.033542070198998006
4,2.1479774147923973,0.04431243309833666
4,2.065164645848032,-0.043907767188976266
4,2.091325919865303,-0.015503867144287309
4,2.038766856844265,0.01121801185133621
4,2.074565030750021,0.17028555317297364
4,2.100700442533345,0.012064385864818061
4,2.0845613738415847,0.0913644671298616
4,2.2310452789676316,0.15278062657149052
4,1.9885679372501743,0.30269054762187975
4,2.0502396720083613,0.1010749040384443
4,2.006008621580601,0.284956520783456
4,1.983726445139789,0.2768954200017831
4,2.070346884236165,0.22441519040595678
4,2.091250768152664,0.41505216961109437
4,1.7227283127033364,0.22967819589232322
4,1.8776199975222763,0.2615961957417872
4,1.8990307506550066,0.28151721734628593
4,1.807480543241923,0.22437412360363415
4,1.9316061300102834,0.10440564578929623
4,1.8858798653481461,0.2227031847193272
4,1.8751413033255313,0.3990082470759938
4,1.7442496468826199,0.2807575005075095
4,1.8464676410506629,0.31518954722110837
4,1.89068457376495,0.4369542157218179
4,1.6636538577141717,0.2496408442549172
4,1.9859433848612578,0.15772625980507463
4,1.7569558110626626,0.31986171433295923
4,1.9368138092705558,0.39211479150472267
4,1.8038797986128332,0.31706171939153904
4,1.9658424434201924,0.28950463882448446
4,1.6100747928322354,0.5439522643438418
4,1.6325802500854838,0.49907923956984446
4,1.618526430306231,0.48587666188227696
4,1.6388441091630768,0.4817968890044153
4,1.6856949945255288,0.3340540364984253
4,1.4175860938689806,0.40643416957752887
4,1.9214629210426706,0.6344263853440257
4,1.5988131625550486,0.4363300676375148
4,1.6922606795903083,0.2819432656127584
4,1.6404534923586536,0.483502378203554
4,1.6831820127944768,0.4751434376926034
4,1.7118931110961606,0.44730949009288895
4,1.6562178198960167,0.33635276083347393
4,1.641632875292519,0.4800087684934925
4,1.7243478370219245,0.6026013760201027
4,1.5115928117193909,0.5978780049107375
4,1.4952097143988656,0.4392629168824849
4,1.7004567049566415,0.5272325129228255
4,1.5056331282965862,0.607649787953726
4,1.358098312325871,0.50898315956432
4,1.415502543191111,0.4666261409023615
4,1.1500006894471744,0.6184225233271746
4,1.3297192206603452,0.41613241120823496
4,1.1679593857119972,0.3656784923127857
4,1.2697907680946132,0.5271658892458894
4,1.3955237921092218,0.3838502558182587
4,1.3661639238923458,0.6661226077303162
4,1.3838261650334103,0.48191397566637684
4,1.2401694808841266,0.5542918524676458
4,1.3554845688790922,0.568051100663758
4,1.3871158191911062,0.6256751734530008
4,1.451514700623907,0.4576943508625136
4,1.2457511917819735,0.4037851847078218
4,1.219078211117328,0.40119534879850915
4,1.2067425680685413,0.5576192850846085
4,1.4500021819362927,0.25500246196429743
4,1.2890637604254411,0.5805295493914919
4,1.1865733781958698,0.5363706345000877
4,1.2681092506082832,0.4834937394446032
4,1.2619284685651135,0.35119383086646555
4,0.937625085592401,0.37575157637146006
4,1.232650054487142,0.4374969717722022
4,1.0996452123594116,0.43383536553037166
4,1.0708054572896246,0.44501898059174755
4,0.9048134513123784,0.5058462371923834
4,1.142067707381935,0.43837336493811985
4,0.8296607039325944,0.3676074065841262
4,0.9795689114636312,0.5555406046988326
4,0.9152835210198897,0.49021073772690993
4,0.8431616476906586,0.5173647960607501
4,1.066078790046752,0.40037410642785054
4,0.7145492787809011,0.30637747128358694
4,0.814320813967671,0.3788148620150668
4,0.9357354387667686,0.47982755302089053
4,1.0324859260808266,0.3215926629564486
4,0.9402507838330868,0.32312503852420993
4,0.7932300542471976,0.5125240172739395
4,1.0117546603650487,0.3646167875451947
4,0.8989221951071968,0.4971738462970449
4,0.8833973631011393,0.5004113985299661
4,0.7361386246246253,0.4944056572816296
4,0.548158538884082,0.2976882480410597
4,0.7139736560926659,0.3791403794909622
4,0.8212205471415447,0.37633267261940523
4,0.9816179793915756,0.4690611863132558
4,0.6899343642044662,0.20101514608529186
4,0.6882365336243812,0.39939342485273743
4,0.7584010553096979,0.33632896476864027
4,0.7673276124810086,0.3872709978074938
4,0.7515072191663903,0.27113715517517456
4,0.8058261425671085,0.11605916453661325
4,0.5037342029576019,0.37095161257349696
4,0.5215473948211492,0.36310712395048483
4,0.6270532685840866,0.21980722122858654
4,0.5819161464364337,0.33661766171903307
4,0.6608940203591914,0.22745866877237905
4,0.5780460507492675,0.27547004960317356
4,0.7209845729857074,0.33519451090274843
4,0.6406922815811159,0.3635699340567442
4,0.634606770242488,0.44578860629002004
4,0.7734474715153777,0.2080095243921625
4,0.6261906752196885,0.1318726598548774
4,0.5541351882606098,0.17720140234427403
4,0.6376048793381612,0.0589670530581268
4,0.466151106912864,0.14595923927183022
4,0.6219718217090644,0.05541861256150116
4,0.37962423229182185,0.21822412599376462
4,0.5407544337164956,0.07184446241319356
4,0.6193503480406901,0.1641927189492133
4,0.5411663529385258,0.10885465738262597
4,0.4441292303720457,0.17118407606566613
4,0.3650368191425064,0.09664897765879672
4,0.44469360935173796,-0.06271483616577814
4,0.4842690687885505,0.01997882725243519
4,0.43693994293124994,0.05854434662603557
4,0.5756905967090264,0.15321373467217259
4,0.4400577762574162,0.13374071887165404
4,0.20452502574306478,-0.03379078951900623
4,0.16393043373169291,-0.06727815638016554
4,0.4797397563401433,0.10634555286204733
4,0.530332028040706,0.018904086889318158
4,0.500966890281507,-0.1136574919877782
4,0.47581089333006676,0.03971471786374857
4,0.5211982980491094,-0.017842825229068035
4,0.3392766951516682,-0.0914009671257653
4,0.2143918676705565,-0.049164999852367046
4,0.2862340297715599,0.008267245048096727
4,0.35630713742419196,-0.12729946951923804
4,0.23159361856804506,-0.13897685939126195
4,0.13669092076090786,-0.14870945618872766
4,0.17666020915443056,-0.37503363943002876
4,0.2982061878655697,-0.23969101274287402
4,0.2506269436323666,-0.13315976310248934
4,0.3955913796037472,-0.050967277250364235
4,0.498187458212615,-0.2301191483009402
4,0.4332589480240118,-0.1875956856795445
4,0.27375819329133916,-0.2860986459285609
4,0.24356256756096903,-0.19235105220234067
4,0.2988536713322608,-0.5496273411252046
4,0.20960925239981223,-0.39625387212108265
4,0.26264284987027864,-0.23560462248805258
4,0.1586247554863225,-0.2586691902400689
4,0.19005651838698057,-0.1687931911741482
4,0.2516621777294699,-0.38515074818624656
4,0.20960933837127527,-0.42116444928189845
4,0.25492935980766135,-0.49332810407710176
4,0.3861561616231953,-0.24615041588592768
4,0.1413847970532158,-0.39166887574863246
4,0.376515966868437,-0.5529159281285922
4,0.3393600585042609,-0.42597151009634865
4,0.39673184480878054,-0.37395303984114536
4,0.17488392387862078,-0.5582722226099955
4,0.20019461178800924,-0.5215884782900211
4,0.16698949180116296,-0.39705309936783445
4,0.0841205228694396,-0.5864156059063779
4,0.1444406289077886,-0.6116137123474616
4,0.33317005427927193,-0.592425466461496
4,0.1710103541101311,-0.5171815753550263
4,0.22560491496801682,-0.617548093988694
4,0.15721035468223643,-0.6261540884580374
4,0.22734807352678277,-0.8166859361059466
4,0.23839641439058337,-0.5175141254840632
4,0.29306399028050567,-0.6214980195915494
4,0.3311064701061022,-0.6261399280619312
4,0.25681372456495805,-0.520309668447833
4,0.2766486638065314,-0.8401340634520255
4,0.37892131767097176,-0.6671573824625724
4,0.28971299562002567,-0.7095844668828472
4,0.10002088185032842,-0.8320784444992821
4,0.0728205151086383,-1.1002163696579608
4,0.3056944766765662,-0.7058019143210059
4,0.2954672743853088,-0.7213537066701678
4,0.17522513369691203,-0.7469287308286099
4,0.2895785721867773,-0.8872423123795835
4,0.4552173792592452,-0.8980904331325161
4,0.2402864329385559,-0.9441763222953271
4,0.40810894235810535,-0.9677367797042538
4,0.256371091902338,-0.9206669939486876
4,0.40014228191944085,-1.0224108251398665
4,0.18928095647533563,-0.9298271403867798
4,0.39149370281958956,-1.0048782438488253
4,0.35731959402672947,-0.9319634355004314
4,0.3822318170463959,-0.9084728737005048
4,0.3355143827961378,-0.8507981486038253
4,0.3024776635323614,-1.1047571337199165
4,0.32007141812324197,-1.0648883719753899
4,0.32640077849917204,-0.9818629967765844
4,0.3378182232021215,-1.08213984924666
4,0.32816784773899066,-0.9927605010071049
4,0.3069235346350866,-1.1428397887625643
4,0.5083119631115247,-0.9647635479691217
4,0.38005207878553027,-0.9241862235910212
4,0.47773914673652007,-1.0515909283881026
4,0.34461711688853913,-0.9870769845551074
4,0.5151072466153606,-1.025396976601698
4,0.43959383002748126,-1.1402129039942976
4,0.5253993631069951,-1.0584770074777208
4,0.6335715275136589,-1.0619371096252588
4,0.3656847080410496,-1.095246745211397
4,0.5478287015266885,-1.1814724556479586
4,0.4249330692166738,-1.2198174099723993
4,0.2814672437505259,-1.3431647315075266
4,0.5493329161532711,-1.145710538018291
4,0.545985914340323,-1.3004655575178554
4,0.6642744676106926,-1.2497092984245444
4,0.4668913356531259,-1.3657399161757895
4,0.38395705068663244,-1.224632049797429
4,0.691687412130131,-1.3172683188712462
4,0.6839375065178928,-1.3265664079682633
4,0.5480363492496025,-1.2930864953767038
4,0.7006826911847543,-1.2686045859442288
4,0.5274595132515999,-1.3218900286155169
4,0.70143044686021,-1.2983261382435647
4,0.8451545461402069,-1.2388302187668527
4,0.6039382336007504,-1.4346447492183914
4,0.8031064637626832,-1.3070977072005425
4,0.7151925176449949,-1.4273634488215214
4,0.9311146159211479,-1.4594242830601343
4,0.6286487927493253,-1.393866332150929
4,0.7523187853355787,-1.40099980553401
4,0.7563849245407553,-1.43953055524019
4,0.684582282219277,-1.3909139880552859
4,0.6850809134535613,-1.4910690434660299
4,0.7121834558530136,-1.3713483653685419
4,0.6828586481087304,-1.5257324226034805
4,0.7534461708300902,-1.4477014853797159
4,0.8670852814341155,-1.425621981545283
4,0.7031813238340768,-1.4400055118419954
4,0.9701500322300946,-1.648272292562338
4,0.757330963699298,-1.5037011982756359
4,0.7597086295415627,-1.6385071057656007
4,1.0070815886064362,-1.6671921803522638
4,0.967086084618818,-1.4993079124361812
4,0.920109664293929,-1.4722676680804365
4,0.9389210775274603,-1.4397019246493918
4,0.9701192227289436,-1.3913561507499068
4,1.2047022529743692,-1.6511142081472718
4,1.100721246918184,-1.3180405707256673
4,0.8412875994761619,-1.4722293282986727
4,0.941902801012515,-1.5990252184790348
4,1.136059841836023,-1.5561166764895245
4,1.0950009250257364,-1.6412768236860251
4,1.102815273513772,-1.4744373578655396
4,1.207517409202933,-1.4216337994195727
4,1.0062705802882101,-1.4758398207314471
4,0.9910011730175997,-1.5311140374201337
4,1.1529930606740517,-1.445557981057885
4,1.0660622497074415,-1.5981295785052372
4,1.2488482859612118,-1.4507914062662752
4,1.2202421308277136,-1.572001535038072
4,1.1971842020095964,-1.6356929047909585
4,1.2534789868885476,-1.446136118274986
4,1.3033288295806318,-1.3789639111287402
4,1.4119957836308976,-1.4511638419735509
4,1.176275512508154,-1.5640051836172584
4,1.026668050284793,-1.5800950588726927
4,1.4571635359339898,-1.674482501407699
4,1.5251159057955868,-1.4218574424535038
4,1.428231353604049,-1.297614152828656
4,1.5031949002308784,-1.4553982977381037
4,1.2522855364738938,-1.5110259833162818
4,1.4891771133421043,-1.6324107534754102
4,1.3462985553801168,-1.619130848442067
4,1.4023579611967496,-1.6575315274846916
4,1.565912173676839,-1.5528543424419237
4,1.5009826005436455,-1.6053321508246465
4,1.5283104908023817,-1.4691316232556533
4,1.5121723485043832,-1.404443488053895
4,1.625986655378889,-1.4510280127778044
4,1.6829995827069868,-1.346653942194083
4,1.7035273768510832,-1.4570330473075954
4,1.5390865976554018,-1.5707524916874294
4,1.6113510189820703,-1.4563529460615228
4,1.421215557039433,-1.5592868628603351
4,1.6736967170572004,-1.5320729418927264
4,1.559054777997128,-1.3031520662385705
4,1.612837413223479,-1.5541646690523963
4,1.4154239747648807,-1.5621259851981946
4,1.751734520817406,-1.5192010895310513
4,1.762483451317457,-1.4550248259571459
4,1.6667545496924612,-1.477176954828153
4,1.691907818981338,-1.467792917974018
4,1.7578325228659135,-1.6028744806484723
4,1.7779702805929831,-1.5335687725614937
4,1.7516693769101133,-1.3986662403467984
4,1.7115443044309284,-1.5452692011999452
4,1.9384142439553442,-1.4600727804118105
4,1.734351941015403,-1.3229107980769668
4,1.8415308311264658,-1.330858226479735
4,1.856526860000045,-1.498121010434397
4,1.7875537410693916,-1.4457129827847657
4,1.9855289676656311,-1.3228385092420305
4,1.9122147187189151,-1.2803289872411983
4,1.6256748808773551,-1.3392200182130705
4,1.65860691988384,-1.2899061850583884
4,1.967190155748523,-1.1195486616354084
4,1.9138258904728325,-1.175553256296043
4,1.9843958721314072,-1.2025290342387818
4,1.9534367599171591,-1.1683180057966744
4,1.8935614464700516,-1.3376686265045772
4,1.9527465479788715,-1.362825963330201
4,1.9877638228211953,-1.2028562171495012
4,2.0548742420802437,-1.1167685016446742
4,2.0882759817884646,-1.3037863485524457
4,1.8343076798915134,-1.093153154502323
4,1.9688929471483563,-1.3244276267495654
4,1.965511327182993,-1.2633721067434467
4,1.9019183424472812,-1.2141568832205307
4,2.0361801813366793,-1.2787748971467383
4,2.1268363576447107,-0.937906503499159
4,2.081211988901272,-1.1843529030610491
4,2.1034015449800063,-1.063897224585015
4,2.31079672496855,-1.1694986474687659
4,2.2214678328569706,-1.1055553690978737
4,2.2414825185676763,-1.1737451340592715
4,2.121154735864803,-1.0002044574093085
4,2.047104254346614,-1.0533211458457918
4,2.1595889836604316,-1.079244693982019
4,2.0588918322933427,-1.173469364924995
4,2.0372592969030814,-1.1874821390681034
4,2.1221943355500774,-1.0911295103660459
4,1.8932773564436824,-1.1844557885223177
4,2.2580326731320755,-0.9048882759990514
4,2.1787096212071004,-0.858608295183207
4,2.200291623572195,-1.1561622595205592
4,2.28675312930679,-1.0390449522583658
4,2.1980906782866643,-0.7701850912429217
4,2.2496337286178503,-0.7542303914986275
4,2.2672710274382823,-0.8860904966331737
4,2.073048842751031,-0.984138350105445
4,2.261064310679854,-1.0572685333228748
4,2.2337200045335455,-0.7555689387789387
4,2.0961803776366823,-0.8195596708143923
4,2.2197119589962693,-0.9326020548021
4,2.2908247502376073,-0.7702763321442812
4,2.1029852932081137,-0.8165555063080885
4,2.197934604213902,-0.7234856510548318
4,2.116565732724603,-0.64193995186984
4,2.1815909185037694,-0.7668913826448615
4,2.3466880763260747,-0.7281594342058703
4,2.131143025565877,-0.7498019870608641
4,2.0682600540061453,-0.528610981023568
4,2.305159880197912,-0.7272766678606961
4,2.270280585084703,-0.665140084732816
4,2.272219226529157,-0.6486369950434306
4,2.2852137541322,-0.6736868295335027
4,2.2151218082007604,-0.5489940065395382
4,2.149200478005295,-0.6591419429370687
4,2.2297467893273546,-0.5959448047459285
4,2.1678333871656714,-0.6465601280467282
4,2.2656216367628637,-0.3598127705287213
4,2.1110735188490803,-0.46093248244937157
4,2.502764053273447,-0.4302475954656351
